{
  "self_reference": {
    "cohens_kappa": 0.26781067113840007,
    "pearson_r": 0.4916926556039051,
    "exact_agreement": 0.5965625
  },
  "meta_cognition": {
    "cohens_kappa": 0.031096004586806947,
    "pearson_r": 0.19915543692996196,
    "exact_agreement": 0.53078125
  },
  "hedging": {
    "cohens_kappa": 0.1343899485125739,
    "pearson_r": 0.11796230018394177,
    "exact_agreement": 0.83890625
  },
  "content_type": {
    "exact_agreement": 0.0825
  }
}